Workbook

Sheet Uitleg
A1: Dual-dye volume-verificatie rekensheet (laag volume, ~1 uL)
A3: DOEL: nauwkeurigheid (%D) en precisie (CV) meten van lage-volume transfers,
A4: per kanaal, met goedkope food dyes op een gewone plate reader (bv. BioTek Epoch).
A6: KLEURSTOFFEN
A7: - Volume-dye: Brilliant Blue FCF (FD&C Blue 1) -> lees @ 630 nm. Hoge epsilon = top gevoeligheid bij 1 uL.
A8: - Pathlength-dye: Tartrazine (FD&C Yellow 5) -> lees @ 450 nm. Zit in de pre-fill, meet vloeistofhoogte.
A9: - Referentie: @ 750 nm (optioneel) -> blanco-venster, haalt krassen/condens/verstrooiing eruit.
A11: WERKWIJZE
A12: 1. Pre-fill elke well met 200 uL tartrazine-oplossing (+0.01% Tween-20).
A13: 2. CALIBRATIE: dispenseer een NAUWKEURIG bekend volume (bv. 10 uL, gravimetrisch geverifieerd)
A14: blauw-stock in een paar wells. Vul tabblad 'Parameters' in -> sheet berekent K.
A15: 3. Meet eenmalig k (crosstalk): lees PURE blauw-oplossing @450 en @630, vul k = A450/A630 in.
... A31: gebruik de simpele modus: zet in Parameters 'k'=0; de pathlength-correctie vervalt dan.

Sheet Parameters
A1: PARAMETERS
A3: Vaste / fysische constanten
A4: epsilon Brilliant Blue @630 (M-1 cm-1) | B4: 130000 | C4: literatuur ~130.000
A5: epsilon Tartrazine @450 (M-1 cm-1) | B5: 27300 | C5: informatief; K vangt dit op
A6: Blauw-stock concentratie (mg/mL) | B6: 1 | C6: ~1 mg/mL geeft ~0.5 OD bij 1 uL in 200 uL
A7: Tartrazine pre-fill conc (mg/mL) | B7: 0.03 | C7: tune tot A450 ~0.5-1.0 OD
A8: Pre-fill volume V_pre (uL) | B8: 200
A9: Doelvolume / target (uL) | B9: 1 | C9: wat je probeert te dispenseren
A10: Welgeometrie oppervlak (cm2) | B10: 0.3217 | C10: 96-well flat ~0.32 cm2 (informatief)
A12: Crosstalk-correctie
A13: k = A450/A630 van PURE blauw | B13: 0.1 | C13: Meet 1x: lees pure blauw-oplossing @450 en @630. Zet 0 voor simpele modus.
A15: CALIBRATIE -> bepaalt constante K
A16: Bekend gedispenseerd volume V_cal (uL) | B16: 10 | C16: Gebruik nauwkeurig/gravimetrisch geverifieerd volume
A17: Gemeten A630 (calibratie-well) | B17: 0.5
A18: Gemeten A450 (calibratie-well) | B18: 0.8
A19: Gemeten A750 (calibratie-well) | B19: 0 | C19: laat 0 indien niet gebruikt
A20: net630_cal = A630-A750 | B20: =B17-B19
A21: net450_cal = A450-A750 | B21: =B18-B19
A22: tar_corr_cal = net450 - k*net630 | B22: =B21-B13*B20
A23: ratio_cal = net630/tar_corr | B23: =IFERROR(B20/B22,"")
A25: K (calibratieconstante) | B25: =IFERROR(B16/B23,"") | C25: Volume = K * ratio (wordt door 'Volumes' gebruikt)

Sheet A630
A1: Ruwe absorbantie @ 630 nm (Brilliant Blue = volume-dye) -- plak reader-export hier
A2: rij \ kolom | B2: 1 | C2: 2 | D2: 3 | E2: 4 | F2: 5 | G2: 6 | H2: 7 | I2: 8 | J2: 9 | K2: 10 | L2: 11 | M2: 12
A3: A | B3: 0 | C3: 0 | D3: 0 | E3: 0 | F3: 0 | G3: 0 | H3: 0 | I3: 0 | J3: 0 | K3: 0 | L3: 0 | M3: 0
A4: B | B4: 0 | C4: 0 | D4: 0 | E4: 0 | F4: 0 | G4: 0 | H4: 0 | I4: 0 | J4: 0 | K4: 0 | L4: 0 | M4: 0
A5: C | B5: 0 | C5: 0 | D5: 0 | E5: 0 | F5: 0 | G5: 0 | H5: 0 | I5: 0 | J5: 0 | K5: 0 | L5: 0 | M5: 0
A6: D | B6: 0 | C6: 0 | D6: 0 | E6: 0 | F6: 0 | G6: 0 | H6: 0 | I6: 0 | J6: 0 | K6: 0 | L6: 0 | M6: 0
A7: E | B7: 0 | C7: 0 | D7: 0 | E7: 0 | F7: 0 | G7: 0 | H7: 0 | I7: 0 | J7: 0 | K7: 0 | L7: 0 | M7: 0
A8: F | B8: 0 | C8: 0 | D8: 0 | E8: 0 | F8: 0 | G8: 0 | H8: 0 | I8: 0 | J8: 0 | K8: 0 | L8: 0 | M8: 0
A9: G | B9: 0 | C9: 0 | D9: 0 | E9: 0 | F9: 0 | G9: 0 | H9: 0 | I9: 0 | J9: 0 | K9: 0 | L9: 0 | M9: 0
A10: H | B10: 0 | C10: 0 | D10: 0 | E10: 0 | F10: 0 | G10: 0 | H10: 0 | I10: 0 | J10: 0 | K10: 0 | L10: 0 | M10: 0

Sheet A450
A1: Ruwe absorbantie @ 450 nm (Tartrazine = pathlength-dye) -- plak reader-export hier
A2: rij \ kolom | B2: 1 | C2: 2 | D2: 3 | E2: 4 | F2: 5 | G2: 6 | H2: 7 | I2: 8 | J2: 9 | K2: 10 | L2: 11 | M2: 12
A3: A | B3: 0 | C3: 0 | D3: 0 | E3: 0 | F3: 0 | G3: 0 | H3: 0 | I3: 0 | J3: 0 | K3: 0 | L3: 0 | M3: 0
A4: B | B4: 0 | C4: 0 | D4: 0 | E4: 0 | F4: 0 | G4: 0 | H4: 0 | I4: 0 | J4: 0 | K4: 0 | L4: 0 | M4: 0
A5: C | B5: 0 | C5: 0 | D5: 0 | E5: 0 | F5: 0 | G5: 0 | H5: 0 | I5: 0 | J5: 0 | K5: 0 | L5: 0 | M5: 0
A6: D | B6: 0 | C6: 0 | D6: 0 | E6: 0 | F6: 0 | G6: 0 | H6: 0 | I6: 0 | J6: 0 | K6: 0 | L6: 0 | M6: 0
A7: E | B7: 0 | C7: 0 | D7: 0 | E7: 0 | F7: 0 | G7: 0 | H7: 0 | I7: 0 | J7: 0 | K7: 0 | L7: 0 | M7: 0
A8: F | B8: 0 | C8: 0 | D8: 0 | E8: 0 | F8: 0 | G8: 0 | H8: 0 | I8: 0 | J8: 0 | K8: 0 | L8: 0 | M8: 0
A9: G | B9: 0 | C9: 0 | D9: 0 | E9: 0 | F9: 0 | G9: 0 | H9: 0 | I9: 0 | J9: 0 | K9: 0 | L9: 0 | M9: 0
A10: H | B10: 0 | C10: 0 | D10: 0 | E10: 0 | F10: 0 | G10: 0 | H10: 0 | I10: 0 | J10: 0 | K10: 0 | L10: 0 | M10: 0

Sheet A750
A1: Ruwe absorbantie @ 750 nm (referentie/blanco -- optioneel, laat 0 indien ongebruikt)
A2: rij \ kolom | B2: 1 | C2: 2 | D2: 3 | E2: 4 | F2: 5 | G2: 6 | H2: 7 | I2: 8 | J2: 9 | K2: 10 | L2: 11 | M2: 12
A3: A | B3: 0 | C3: 0 | D3: 0 | E3: 0 | F3: 0 | G3: 0 | H3: 0 | I3: 0 | J3: 0 | K3: 0 | L3: 0 | M3: 0
A4: B | B4: 0 | C4: 0 | D4: 0 | E4: 0 | F4: 0 | G4: 0 | H4: 0 | I4: 0 | J4: 0 | K4: 0 | L4: 0 | M4: 0
A5: C | B5: 0 | C5: 0 | D5: 0 | E5: 0 | F5: 0 | G5: 0 | H5: 0 | I5: 0 | J5: 0 | K5: 0 | L5: 0 | M5: 0
A6: D | B6: 0 | C6: 0 | D6: 0 | E6: 0 | F6: 0 | G6: 0 | H6: 0 | I6: 0 | J6: 0 | K6: 0 | L6: 0 | M6: 0
A7: E | B7: 0 | C7: 0 | D7: 0 | E7: 0 | F7: 0 | G7: 0 | H7: 0 | I7: 0 | J7: 0 | K7: 0 | L7: 0 | M7: 0
A8: F | B8: 0 | C8: 0 | D8: 0 | E8: 0 | F8: 0 | G8: 0 | H8: 0 | I8: 0 | J8: 0 | K8: 0 | L8: 0 | M8: 0
A9: G | B9: 0 | C9: 0 | D9: 0 | E9: 0 | F9: 0 | G9: 0 | H9: 0 | I9: 0 | J9: 0 | K9: 0 | L9: 0 | M9: 0
A10: H | B10: 0 | C10: 0 | D10: 0 | E10: 0 | F10: 0 | G10: 0 | H10: 0 | I10: 0 | J10: 0 | K10: 0 | L10: 0 | M10: 0

Sheet Volumes
A1: Berekend gedispenseerd volume per well (uL)
A2: rij \ kolom | B2: 1 | C2: 2 | D2: 3 | E2: 4 | F2: 5 | G2: 6 | H2: 7 | I2: 8 | J2: 9 | K2: 10 | L2: 11 | M2: 12
A3: A | B3: =IFERROR(Parameters!$B$25*(('A630'!B3-'A750'!B3)/(('A450'!B3-'A750'!B3)-Parameters!$B$13*('A630'!B3-'A750'!B3))),"") | C3: =IFERROR(Parameters!$B$25*(('A630'!C3-'A750'!C3)/(('A450'!C3-'A750'!C3)-Parameters!$B$13*('A630'!C3-'A750'!C3))),"") | D3: =IFERROR(Parameters!$B$25*(('A630'!D3-'A750'!D3)/(('A450'!D3-'A750'!D3)-Parameters!$B$13*('A630'!D3-'A750'!D3))),"") | E3: =IFERROR(Parameters!$B$25*(('A630'!E3-'A750'!E3)/(('A450'!E3-'A750'!E3)-Parameters!$B$13*('A630'!E3-'A750'!E3))),"") | F3: =IFERROR(Parameters!$B$25*(('A630'!F3-'A750'!F3)/(('A450'!F3-'A750'!F3)-Parameters!$B$13*('A630'!F3-'A750'!F3))),"") | G3: =IFERROR(Parameters!$B$25*(('A630'!G3-'A750'!G3)/(('A450'!G3-'A750'!G3)-Parameters!$B$13*('A630'!G3-'A750'!G3))),"") | H3: =IFERROR(Parameters!$B$25*(('A630'!H3-'A750'!H3)/(('A450'!H3-'A750'!H3)-Parameters!$B$13*('A630'!H3-'A750'!H3))),"") | I3: =IFERROR(Parameters!$B$25*(('A630'!I3-'A750'!I3)/(('A450'!I3-'A750'!I3)-Parameters!$B$13*('A630'!I3-'A750'!I3))),"") | ... M3: =IFERROR(Parameters!$B$25*(('A630'!M3-'A750'!M3)/(('A450'!M3-'A750'!M3)-Parameters!$B$13*('A630'!M3-'A750'!M3))),"")
A4: B | B4: =IFERROR(Parameters!$B$25*(('A630'!B4-'A750'!B4)/(('A450'!B4-'A750'!B4)-Parameters!$B$13*('A630'!B4-'A750'!B4))),"") | C4: =IFERROR(Parameters!$B$25*(('A630'!C4-'A750'!C4)/(('A450'!C4-'A750'!C4)-Parameters!$B$13*('A630'!C4-'A750'!C4))),"") | D4: =IFERROR(Parameters!$B$25*(('A630'!D4-'A750'!D4)/(('A450'!D4-'A750'!D4)-Parameters!$B$13*('A630'!D4-'A750'!D4))),"") | E4: =IFERROR(Parameters!$B$25*(('A630'!E4-'A750'!E4)/(('A450'!E4-'A750'!E4)-Parameters!$B$13*('A630'!E4-'A750'!E4))),"") | F4: =IFERROR(Parameters!$B$25*(('A630'!F4-'A750'!F4)/(('A450'!F4-'A750'!F4)-Parameters!$B$13*('A630'!F4-'A750'!F4))),"") | G4: =IFERROR(Parameters!$B$25*(('A630'!G4-'A750'!G4)/(('A450'!G4-'A750'!G4)-Parameters!$B$13*('A630'!G4-'A750'!G4))),"") | H4: =IFERROR(Parameters!$B$25*(('A630'!H4-'A750'!H4)/(('A450'!H4-'A750'!H4)-Parameters!$B$13*('A630'!H4-'A750'!H4))),"") | I4: =IFERROR(Parameters!$B$25*(('A630'!I4-'A750'!I4)/(('A450'!I4-'A750'!I4)-Parameters!$B$13*('A630'!I4-'A750'!I4))),"") | ... M4: =IFERROR(Parameters!$B$25*(('A630'!M4-'A750'!M4)/(('A450'!M4-'A750'!M4)-Parameters!$B$13*('A630'!M4-'A750'!M4))),"")
A5: C | B5: =IFERROR(Parameters!$B$25*(('A630'!B5-'A750'!B5)/(('A450'!B5-'A750'!B5)-Parameters!$B$13*('A630'!B5-'A750'!B5))),"") | C5: =IFERROR(Parameters!$B$25*(('A630'!C5-'A750'!C5)/(('A450'!C5-'A750'!C5)-Parameters!$B$13*('A630'!C5-'A750'!C5))),"") | D5: =IFERROR(Parameters!$B$25*(('A630'!D5-'A750'!D5)/(('A450'!D5-'A750'!D5)-Parameters!$B$13*('A630'!D5-'A750'!D5))),"") | E5: =IFERROR(Parameters!$B$25*(('A630'!E5-'A750'!E5)/(('A450'!E5-'A750'!E5)-Parameters!$B$13*('A630'!E5-'A750'!E5))),"") | F5: =IFERROR(Parameters!$B$25*(('A630'!F5-'A750'!F5)/(('A450'!F5-'A750'!F5)-Parameters!$B$13*('A630'!F5-'A750'!F5))),"") | G5: =IFERROR(Parameters!$B$25*(('A630'!G5-'A750'!G5)/(('A450'!G5-'A750'!G5)-Parameters!$B$13*('A630'!G5-'A750'!G5))),"") | H5: =IFERROR(Parameters!$B$25*(('A630'!H5-'A750'!H5)/(('A450'!H5-'A750'!H5)-Parameters!$B$13*('A630'!H5-'A750'!H5))),"") | I5: =IFERROR(Parameters!$B$25*(('A630'!I5-'A750'!I5)/(('A450'!I5-'A750'!I5)-Parameters!$B$13*('A630'!I5-'A750'!I5))),"") | ... M5: =IFERROR(Parameters!$B$25*(('A630'!M5-'A750'!M5)/(('A450'!M5-'A750'!M5)-Parameters!$B$13*('A630'!M5-'A750'!M5))),"")
A6: D | B6: =IFERROR(Parameters!$B$25*(('A630'!B6-'A750'!B6)/(('A450'!B6-'A750'!B6)-Parameters!$B$13*('A630'!B6-'A750'!B6))),"") | C6: =IFERROR(Parameters!$B$25*(('A630'!C6-'A750'!C6)/(('A450'!C6-'A750'!C6)-Parameters!$B$13*('A630'!C6-'A750'!C6))),"") | D6: =IFERROR(Parameters!$B$25*(('A630'!D6-'A750'!D6)/(('A450'!D6-'A750'!D6)-Parameters!$B$13*('A630'!D6-'A750'!D6))),"") | E6: =IFERROR(Parameters!$B$25*(('A630'!E6-'A750'!E6)/(('A450'!E6-'A750'!E6)-Parameters!$B$13*('A630'!E6-'A750'!E6))),"") | F6: =IFERROR(Parameters!$B$25*(('A630'!F6-'A750'!F6)/(('A450'!F6-'A750'!F6)-Parameters!$B$13*('A630'!F6-'A750'!F6))),"") | G6: =IFERROR(Parameters!$B$25*(('A630'!G6-'A750'!G6)/(('A450'!G6-'A750'!G6)-Parameters!$B$13*('A630'!G6-'A750'!G6))),"") | H6: =IFERROR(Parameters!$B$25*(('A630'!H6-'A750'!H6)/(('A450'!H6-'A750'!H6)-Parameters!$B$13*('A630'!H6-'A750'!H6))),"") | I6: =IFERROR(Parameters!$B$25*(('A630'!I6-'A750'!I6)/(('A450'!I6-'A750'!I6)-Parameters!$B$13*('A630'!I6-'A750'!I6))),"") | ... M6: =IFERROR(Parameters!$B$25*(('A630'!M6-'A750'!M6)/(('A450'!M6-'A750'!M6)-Parameters!$B$13*('A630'!M6-'A750'!M6))),"")
A7: E | B7: =IFERROR(Parameters!$B$25*(('A630'!B7-'A750'!B7)/(('A450'!B7-'A750'!B7)-Parameters!$B$13*('A630'!B7-'A750'!B7))),"") | C7: =IFERROR(Parameters!$B$25*(('A630'!C7-'A750'!C7)/(('A450'!C7-'A750'!C7)-Parameters!$B$13*('A630'!C7-'A750'!C7))),"") | D7: =IFERROR(Parameters!$B$25*(('A630'!D7-'A750'!D7)/(('A450'!D7-'A750'!D7)-Parameters!$B$13*('A630'!D7-'A750'!D7))),"") | E7: =IFERROR(Parameters!$B$25*(('A630'!E7-'A750'!E7)/(('A450'!E7-'A750'!E7)-Parameters!$B$13*('A630'!E7-'A750'!E7))),"") | F7: =IFERROR(Parameters!$B$25*(('A630'!F7-'A750'!F7)/(('A450'!F7-'A750'!F7)-Parameters!$B$13*('A630'!F7-'A750'!F7))),"") | G7: =IFERROR(Parameters!$B$25*(('A630'!G7-'A750'!G7)/(('A450'!G7-'A750'!G7)-Parameters!$B$13*('A630'!G7-'A750'!G7))),"") | H7: =IFERROR(Parameters!$B$25*(('A630'!H7-'A750'!H7)/(('A450'!H7-'A750'!H7)-Parameters!$B$13*('A630'!H7-'A750'!H7))),"") | I7: =IFERROR(Parameters!$B$25*(('A630'!I7-'A750'!I7)/(('A450'!I7-'A750'!I7)-Parameters!$B$13*('A630'!I7-'A750'!I7))),"") | ... M7: =IFERROR(Parameters!$B$25*(('A630'!M7-'A750'!M7)/(('A450'!M7-'A750'!M7)-Parameters!$B$13*('A630'!M7-'A750'!M7))),"")
A8: F | B8: =IFERROR(Parameters!$B$25*(('A630'!B8-'A750'!B8)/(('A450'!B8-'A750'!B8)-Parameters!$B$13*('A630'!B8-'A750'!B8))),"") | C8: =IFERROR(Parameters!$B$25*(('A630'!C8-'A750'!C8)/(('A450'!C8-'A750'!C8)-Parameters!$B$13*('A630'!C8-'A750'!C8))),"") | D8: =IFERROR(Parameters!$B$25*(('A630'!D8-'A750'!D8)/(('A450'!D8-'A750'!D8)-Parameters!$B$13*('A630'!D8-'A750'!D8))),"") | E8: =IFERROR(Parameters!$B$25*(('A630'!E8-'A750'!E8)/(('A450'!E8-'A750'!E8)-Parameters!$B$13*('A630'!E8-'A750'!E8))),"") | F8: =IFERROR(Parameters!$B$25*(('A630'!F8-'A750'!F8)/(('A450'!F8-'A750'!F8)-Parameters!$B$13*('A630'!F8-'A750'!F8))),"") | G8: =IFERROR(Parameters!$B$25*(('A630'!G8-'A750'!G8)/(('A450'!G8-'A750'!G8)-Parameters!$B$13*('A630'!G8-'A750'!G8))),"") | H8: =IFERROR(Parameters!$B$25*(('A630'!H8-'A750'!H8)/(('A450'!H8-'A750'!H8)-Parameters!$B$13*('A630'!H8-'A750'!H8))),"") | I8: =IFERROR(Parameters!$B$25*(('A630'!I8-'A750'!I8)/(('A450'!I8-'A750'!I8)-Parameters!$B$13*('A630'!I8-'A750'!I8))),"") | ... M8: =IFERROR(Parameters!$B$25*(('A630'!M8-'A750'!M8)/(('A450'!M8-'A750'!M8)-Parameters!$B$13*('A630'!M8-'A750'!M8))),"")
A9: G | B9: =IFERROR(Parameters!$B$25*(('A630'!B9-'A750'!B9)/(('A450'!B9-'A750'!B9)-Parameters!$B$13*('A630'!B9-'A750'!B9))),"") | C9: =IFERROR(Parameters!$B$25*(('A630'!C9-'A750'!C9)/(('A450'!C9-'A750'!C9)-Parameters!$B$13*('A630'!C9-'A750'!C9))),"") | D9: =IFERROR(Parameters!$B$25*(('A630'!D9-'A750'!D9)/(('A450'!D9-'A750'!D9)-Parameters!$B$13*('A630'!D9-'A750'!D9))),"") | E9: =IFERROR(Parameters!$B$25*(('A630'!E9-'A750'!E9)/(('A450'!E9-'A750'!E9)-Parameters!$B$13*('A630'!E9-'A750'!E9))),"") | F9: =IFERROR(Parameters!$B$25*(('A630'!F9-'A750'!F9)/(('A450'!F9-'A750'!F9)-Parameters!$B$13*('A630'!F9-'A750'!F9))),"") | G9: =IFERROR(Parameters!$B$25*(('A630'!G9-'A750'!G9)/(('A450'!G9-'A750'!G9)-Parameters!$B$13*('A630'!G9-'A750'!G9))),"") | H9: =IFERROR(Parameters!$B$25*(('A630'!H9-'A750'!H9)/(('A450'!H9-'A750'!H9)-Parameters!$B$13*('A630'!H9-'A750'!H9))),"") | I9: =IFERROR(Parameters!$B$25*(('A630'!I9-'A750'!I9)/(('A450'!I9-'A750'!I9)-Parameters!$B$13*('A630'!I9-'A750'!I9))),"") | ... M9: =IFERROR(Parameters!$B$25*(('A630'!M9-'A750'!M9)/(('A450'!M9-'A750'!M9)-Parameters!$B$13*('A630'!M9-'A750'!M9))),"")
A10: H | B10: =IFERROR(Parameters!$B$25*(('A630'!B10-'A750'!B10)/(('A450'!B10-'A750'!B10)-Parameters!$B$13*('A630'!B10-'A750'!B10))),"") | C10: =IFERROR(Parameters!$B$25*(('A630'!C10-'A750'!C10)/(('A450'!C10-'A750'!C10)-Parameters!$B$13*('A630'!C10-'A750'!C10))),"") | D10: =IFERROR(Parameters!$B$25*(('A630'!D10-'A750'!D10)/(('A450'!D10-'A750'!D10)-Parameters!$B$13*('A630'!D10-'A750'!D10))),"") | E10: =IFERROR(Parameters!$B$25*(('A630'!E10-'A750'!E10)/(('A450'!E10-'A750'!E10)-Parameters!$B$13*('A630'!E10-'A750'!E10))),"") | F10: =IFERROR(Parameters!$B$25*(('A630'!F10-'A750'!F10)/(('A450'!F10-'A750'!F10)-Parameters!$B$13*('A630'!F10-'A750'!F10))),"") | G10: =IFERROR(Parameters!$B$25*(('A630'!G10-'A750'!G10)/(('A450'!G10-'A750'!G10)-Parameters!$B$13*('A630'!G10-'A750'!G10))),"") | H10: =IFERROR(Parameters!$B$25*(('A630'!H10-'A750'!H10)/(('A450'!H10-'A750'!H10)-Parameters!$B$13*('A630'!H10-'A750'!H10))),"") | I10: =IFERROR(Parameters!$B$25*(('A630'!I10-'A750'!I10)/(('A450'!I10-'A750'!I10)-Parameters!$B$13*('A630'!I10-'A750'!I10))),"") | ... M10: =IFERROR(Parameters!$B$25*(('A630'!M10-'A750'!M10)/(('A450'!M10-'A750'!M10)-Parameters!$B$13*('A630'!M10-'A750'!M10))),"")
A12: Tip: lege/nul cellen in de invoer geven lege cellen hier (IFERROR).

Sheet Statistiek
A1: Statistiek per kolom (replicaten = 8 kanalen A-H)
A3: Kolom | B3: 1 | C3: 2 | D3: 3 | E3: 4 | F3: 5 | G3: 6 | H3: 7 | I3: 8 | J3: 9 | K3: 10 | L3: 11 | M3: 12
A4: Gemiddelde (uL) | B4: =IFERROR(AVERAGE(Volumes!B3:B10),"") | C4: =IFERROR(AVERAGE(Volumes!C3:C10),"") | D4: =IFERROR(AVERAGE(Volumes!D3:D10),"") | E4: =IFERROR(AVERAGE(Volumes!E3:E10),"") | F4: =IFERROR(AVERAGE(Volumes!F3:F10),"") | G4: =IFERROR(AVERAGE(Volumes!G3:G10),"") | H4: =IFERROR(AVERAGE(Volumes!H3:H10),"") | I4: =IFERROR(AVERAGE(Volumes!I3:I10),"") | ... M4: =IFERROR(AVERAGE(Volumes!M3:M10),"")
A5: %D (afwijking) | B5: =IFERROR((B4-Parameters!$B$9)/Parameters!$B$9,"") | C5: =IFERROR((C4-Parameters!$B$9)/Parameters!$B$9,"") | D5: =IFERROR((D4-Parameters!$B$9)/Parameters!$B$9,"") | E5: =IFERROR((E4-Parameters!$B$9)/Parameters!$B$9,"") | F5: =IFERROR((F4-Parameters!$B$9)/Parameters!$B$9,"") | G5: =IFERROR((G4-Parameters!$B$9)/Parameters!$B$9,"") | H5: =IFERROR((H4-Parameters!$B$9)/Parameters!$B$9,"") | I5: =IFERROR((I4-Parameters!$B$9)/Parameters!$B$9,"") | ... M5: =IFERROR((M4-Parameters!$B$9)/Parameters!$B$9,"")
A6: SD (uL) | B6: =IFERROR(STDEV(Volumes!B3:B10),"") | C6: =IFERROR(STDEV(Volumes!C3:C10),"") | D6: =IFERROR(STDEV(Volumes!D3:D10),"") | E6: =IFERROR(STDEV(Volumes!E3:E10),"") | F6: =IFERROR(STDEV(Volumes!F3:F10),"") | G6: =IFERROR(STDEV(Volumes!G3:G10),"") | H6: =IFERROR(STDEV(Volumes!H3:H10),"") | I6: =IFERROR(STDEV(Volumes!I3:I10),"") | ... M6: =IFERROR(STDEV(Volumes!M3:M10),"")
A7: CV | B7: =IFERROR(B6/B4,"") | C7: =IFERROR(C6/C4,"") | D7: =IFERROR(D6/D4,"") | E7: =IFERROR(E6/E4,"") | F7: =IFERROR(F6/F4,"") | G7: =IFERROR(G6/G4,"") | H7: =IFERROR(H6/H4,"") | I7: =IFERROR(I6/I4,"") | ... M7: =IFERROR(M6/M4,"")
A10: Rood = |%D| of CV > 10% | Oranje = 5-10% | Groen = < 5%
A12: Totaaloverzicht (alle wells)
A13: Gemiddelde (uL) | B13: =IFERROR(AVERAGE(Volumes!B3:M10),"")
A14: Globale %D | B14: =IFERROR((B13-Parameters!$B$9)/Parameters!$B$9,"")
A15: Globale SD (uL) | B15: =IFERROR(STDEV(Volumes!B3:M10),"")
A16: Globale CV | B16: =IFERROR(B15/B13,"")
